period,Regulatorycapitaltoriskweigh,Tier1capitaltoriskweighted,CapitalandReservesTotalDepos,Bankleverage,LoansDeposit,LiquidAssetstoShortTermLiab,Totalvalueofmortgageloans,SAIBOR3m,Inflation,Unemployment,GDPgrowth,oil_price_growth,Stock_Market_growth,GovernmentSpendingYoY,M2GrowthQoQ,ReserveAssets,TotalBankassets,NetNPLratio,ROA,ROE,Liquidassetstototalassets,InterestMargintogrossincome,Retailrealestateloansproport,RetailRealestateloanproporti,RealEstatePrices,RealEstatePricesgrowth,Liquidassetstoshorttermliab,BANKCLAIMSONPRIVATESECTORr,Non_Oil_Trade_Balance,time,l_Totalvalueofmortgageloans,rc_rwa,tier1_rwa,cap_res_dep,bnk_lvrg,loan_dep,liq_ast_liab,l_tot_mort_loans,tot_mort_loans,l_SAIBOR3m,dl_SAIBOR3m,unemp,l_ReserveAssets,dl_ReserveAssets,l_TotalBankassets,dl_TotalBankassets,d_NPL,d_ROA,d_ROE,liq_ast_ttl_ast,int_mar_gross,rtl_rlest1,rtl_rlest2,l_RealEstatePrices,dl_rlest_p,liq_ast_shr_lib,bnk_clm_prvt_sec,d_xoil_tb,policy,policy_mortgage_interaction
Q1 2014,17.8853601717718,16.2603746898007,17.33214811341323,7.526085445673899,73.92,33,77068,.953805303030303,2.058633326147863,5.801386,6.721632279963615,-.9434996099087933,10.99055719574487,20.44177078355083,4.601809392676941,2751254.691375704,2018969.131,.593558202947036,2.1761525746646,16.1039900990471,22.1506335628847,64.28495594012099,61.85183,6.549060719950258,98.15000000000001,,32.9931813790533,3.847535370243138,-172066.2014,2014q1,11.252443,.013062725,-.21868348,1.4175547,.16829416,-1.79,-.2,11.252443,.027101517,-.047295712,.035370857,.2331779,14.827568,.010886192,14.518098,.015651703,-.10985832,.14386855,1.3774068,.58586353,-2.1677084,.74054003,.046203457,4.5864968,,-.19462711,2.2471538,-25880.256,0,0
Q2 2014,17.8374767647835,16.0212682741444,16.81786281985047,7.482815225192274,75.38,32,84673,.951747835497836,2.596423184658492,6.0345639,4.086601961390585,1.348259508292671,.4149377593361203,23.17630493708251,2.967267166374427,2783872.415033715,2057633.293,.896711663578643,2.17779633548616,16.1633930084706,20.8194279584099,64.6057208119192,61.01547000000001,6.909116442919181,99.25,1.12,31.9913871431271,4.142347612856301,-157916.7405294118,2014q2,11.346552,-.047883406,-.23910642,-.51428527,-.043270219,1.46,-1,11.346552,.0071306229,-.049455158,-.0021594465,.2331779,14.839354,.011785507,14.537067,-.030374527,.30315346,.0016437608,.059402909,-1.3312056,.32076487,-1.55708,.04548588,4.5976419,.011145115,-1.0017942,.29481223,14149.461,0,0
Q3 2014,17.8374179055938,16.2001716642375,16.27096244510567,7.44166731050655,75.89,31.9,88768,.945912698412698,2.345507122201984,5.8813351,2.565770571904835,-7.077465004594896,14.10456406062428,29.83133306978676,3.376113455278244,2793408.811986993,2093778.391,.805124512662007,2.07320671470487,15.3774683974056,20.4335734922218,65.134159194181,59.51672,7.019787255449551,100.97,1.73,31.8826540749301,3.18345114407852,-194016.7942584,2014q3,11.393782,-.00005885919,.17890339,-.54690039,-.041147914,.50999999,-.1,11.393782,-.046878815,-.055604998,-.0061498396,-.1532288,14.842773,.0034198761,14.554481,-.0015563965,-.091587149,-.10458962,-.78592461,-.38585445,.52843839,-.66238999,-.24938491,4.6148233,.017181396,-.10873307,-.95889646,-36100.055,0,0
Q4 2014,17.8768341985833,16.1613306456154,15.59168528468389,7.516754004608673,74.79000000000001,33.6,94562,.891596031746032,1.90364777198766,5.7281063,2.844823013635462,-24.85229668411609,-23.22928403036817,-4.800467223361182,2.743134703867327,2746324.05590621,2162544.946,.0612241683963851,2.00606673007628,14.8062950321512,22.3295829830872,66.49503591043511,60.7128,7.443007641669404,101.63,.65,33.5776883831029,.4698374261540739,-184085.971,2014q4,11.457011,.039416295,-.03884102,-.67927718,.07508669,-1.1,1.7,11.457011,.015999794,-.11474213,-.059137132,-.1532288,14.825774,-.016999245,14.586797,.014903069,-.74390036,-.067139983,-.57117337,1.8960094,1.3608767,2.6948299,.31254956,4.6213388,.0065155029,1.6950343,-2.7136137,9930.8232,0,0
Q1 2015,17.6511112844507,16.028146808065,17.38357388011948,7.489012104589779,74.90000000000001,30.2,95881,.8162,1.436265709156204,5.7281063,3.201243916003364,-29.56840365166641,5.347101388405551,-4.763313629280441,4.077705170144625,2617470.04772465,2205923.212,.708240012784551,2.04357626304569,15.0482913142235,19.7429266300296,64.5119737995165,59.28644,7.36181181064373,99.17,-2.42,30.2404647460032,2.51316905143113,-155720.2106304,2015q1,11.470863,-.22572291,-.13318384,1.7918886,-.0277419,.11,-3.4000001,11.470863,-.049377441,-.20309585,-.088353723,0,14.777719,-.048055649,14.606657,-.01245594,.64701587,.037509535,.24199629,-2.5866563,-1.9830621,-2.6224401,-.50441623,4.5968356,-.024503231,-3.3372235,2.0433316,28365.76,0,0
Q2 2015,17.7914336961865,15.8532308013818,16.81517583632307,7.427219843716673,75.76000000000001,28.8,98448,.773933333333333,1.197101753649066,5.7281063,5.681329572308243,14.63633996044917,3.508416212072363,2.774084644957697,1.572302678628873,2533151.55753981,2234992.4,.875346346763898,2.08340361558576,15.3868843102817,18.8088061322316,64.49660838974479,58.98693,7.316314755937521,98.06,-1.12,28.8433063027773,3.31578342691996,-181477.079098,2015q2,11.497284,.14032242,-.17491601,-.56839806,-.061792262,.86000001,-1.4,11.497284,.012568474,-.25626954,-.053173691,0,14.744975,-.032743454,14.619748,-.0067691803,.16710633,.039827354,.33859301,-.93412048,-.01536541,1.12685,.035698775,4.5855794,-.011256218,-1.3971584,.80261439,-25756.869,0,0
Q3 2015,17.7698470011237,15.7617055349681,16.35997473731417,7.367557598046789,76.27,29.6,100546,.828233333333333,1.161573880284639,5.6597186,5.051550327140546,-18.42691577059944,-18.51843700099813,-4.829916944817203,1.05549985568247,2454529.79491421,2245941.789,.926668510313009,2.0141617472281,14.859019827306,19.4371898920116,66.2773942463393,58.60349,7.42446096658541,96.39,-1.7,29.5711519188846,.6434122428760514,-177180.4933015,2015q3,11.518371,-.021586696,-.091525264,-.45520109,-.059662245,.50999999,.80000001,11.518371,-.0053339005,-.18846036,.067809179,-.068387702,14.713446,-.031529427,14.624636,-.0082035065,.051322162,-.069241866,-.52786446,.62838376,1.7807858,-.083930001,.15364327,4.5684023,-.017177105,.72784561,-2.6723711,4296.5859,0,0
Q4 2015,18.0780444131251,16.1839683688082,16.72250124282332,7.138686539214016,80.02,27.3,102503,1.1004,1.23147568357338,5.5913308,4.846829600008547,-13.4329576317909,-6.650063342940571,-39.30025019342879,-4.00765686460413,2311567.45279783,2233254.347,.99407581551285,1.95685322722019,14.3781420599973,17.5053000871892,67.1174155959707,55.31673,7.40169539139054,95.79000000000001,-.63,27.2863854732987,2.259931751890853,-170042.4322616,2015q4,11.537647,.30819741,.42226285,.36252651,-.22887106,3.75,-2.3,11.537647,-.0018100739,.095673747,.28413412,-.068387799,14.653437,-.060009003,14.618971,-.010552406,.067407303,-.057308521,-.48087776,-1.9318898,.84002137,-2.9033201,-.13091178,4.5621581,-.0062441826,-2.2847664,1.6165195,7138.061,0,0
Q1 2016,17.9957880763854,16.1828527094027,19.11935398562717,6.999774872464547,82.39,26,106292,1.71576206349206,2.592399791775124,5.618226,3.198239358610962,-21.90712347216697,-9.963164230239475,-40.67019152751244,-.8884423893599376,2201565.51636339,2248447.571943845,1.01663599825673,2.09390642244819,15.004698647543,17.0749374329476,66.4846134361393,56.37876000000001,7.433353914147707,94.84,-.99,26.0095567652534,3.254835715311533,-139571.45258452,2016q1,11.573945,-.082256339,-.0011156594,2.3968527,-.13891166,2.3699999,-1.3,11.573945,.017021179,.53985733,.44418359,.026895201,14.604679,-.048757553,14.625751,.012444496,.022560183,.13705319,.62655658,-.43036264,-.63280219,4.3487902,.0544241,4.5521913,-.0099668503,-1.2768288,.99490398,30470.98,0,0
Q2 2016,18.3187689635075,16.3971873430811,18.92874909781065,6.99802481962199,84.45999999999999,29.1,108418,2.07285977777778,2.262114766006018,5.6451211,1.385223718464573,33.71225902827742,4.44711905423798,-26.0341056022286,1.357241657766849,2138630.57895841,2282948.50564535,.999978508401699,2.06984136445007,14.7099330099269,18.3711520565093,67.73575853342319,57.96142,7.466419958721697,92.94,-2,29.0718042438259,1.548429149197794,-133758.39189678,2016q2,11.593749,.32298088,.21433464,-.19060488,-.0017500528,2.0699999,3.0999999,11.593749,-.016493797,.72892916,.18907183,.0268951,14.575676,-.029003143,14.640979,.0084486008,-.01665749,-.024065059,-.29476565,1.2962146,1.2511451,.52063,.0014075218,4.5319543,-.020236969,3.0622475,-1.7064066,5813.0605,0,0
Q3 2016,18.8692198211565,16.806664018055,18.60771124248063,6.923804725710052,84.25,28.9,109482,2.28060122886473,1.903382641977869,5.7265524,2.043603452255027,.5774284495168924,-13.48547973193351,-21.96418434279462,.1029857043475886,2078208.19737799,2278910.292941446,1.09002877417813,1.95951028757864,13.7873003650273,18.3887761653993,69.34621245663671,55.4098,7.561385027421072,90.67,-2.45,28.8811984402946,-.2868602066682491,-100631.01312156,2016q3,11.603516,.55045086,.40947667,-.32103786,-.074220091,-.20999999,-.2,11.603516,-.010037422,.82443911,.095509946,.081431299,14.547017,-.028658867,14.639208,-.016999245,.090050265,-.11033107,-.92263263,.017624108,1.610454,-4.1342802,.061899025,4.5072265,-.024727821,-.1906058,-1.8352894,33127.379,0,0
Q4 2016,19.5447205862525,17.4693040479515,18.31320000586217,6.756401276386486,80.68000000000001,31.8,110484,2.19546753246753,.969072164948459,5.6,2.814541030970034,7.755195220347666,28.22326233163921,40.29400895763104,2.850040781843589,2009239.34398381,2289001.075391641,.992332956691431,1.81317302183408,12.6280832007209,20.2744035663867,70.0763907523461,55.13119,7.791976478420199,87.48,-3.52,31.809750929088,-2.071210347480745,-129324.18510033,2016q4,11.612626,.67550075,.66264004,-.29451123,-.16740344,-3.5699999,2.9000001,11.612626,-.00065612793,.78639501,-.038044095,-.1265524,14.513267,-.033750534,14.643626,.0061893463,-.09769582,-.14633727,-1.1592171,1.8856274,.7301783,2.27301,.13562638,4.4714103,-.035816193,2.9285524,-1.7843502,-28693.172,0,0
Q1 2017,18.8705976228731,16.8904068237425,20.48152837371532,6.697563934279324,81.5,30.9,111602,1.88652328722003,-.7408159123198699,5.7696454,-.0867106576248062,7.671168014140073,-2.895805104549942,-2.500930405656865,-.213344063229556,1907464.49734311,2301187.653929945,1.00957207158924,2.04322133624109,13.6560810646762,19.4490510734305,70.4094630365703,54.53151,7.818700287716167,85.45,-2.31,30.8777221220846,.6666590810947115,-119042.671798074,2017q1,11.622694,-.67412299,-.57889724,2.1683283,-.058837343,.81999999,-.89999998,11.622694,.00095748901,.63473558,-.15165943,.1696454,14.461286,-.051980972,14.648936,.00089168549,.017239114,.23004831,1.0279979,-.82535249,.33307227,-.32106999,-.20386764,4.4479313,-.023478985,-.93202883,2.7378695,10281.514,0,0
Q2 2017,19.1711499732566,17.1507769257993,19.63723151329696,6.725189738500749,80.88,30.6,115021,1.74101666666667,-.5479452054794387,6.0267639,-.1725903398209709,-6.534623150006347,6.057018151487581,-1.347416981954741,.8402693339916851,1882265.46543316,2327644.700522098,.52073407894577,2.01370407737628,13.4366103839969,19.4149170547055,72.2907338697707,54.28745000000001,8.040977551290615,84.94,-.6,30.6008920523347,.2145723577134717,-140009.30880113,2017q2,11.65287,.30055234,.26037011,-.84429687,.027625805,-.62,-.30000001,11.65287,.020108223,.55446923,-.080266356,.25711849,14.447987,-.013298988,14.660367,.0061206818,-.48883799,-.029517259,-.21947068,-.034134019,1.8812709,.35562,.19555345,4.4419451,-.0059862137,-.27683008,-.45208672,-20966.637,0,0
Q3 2017,19.440266339083,17.3851166758141,19.58038003934698,6.618170826958902,82.45999999999999,30.8,117171.156,1.79461602633478,-.7816465333468803,5.8098354,.4250649125437889,4.700773059327168,-1.921833842374876,5.291901344351468,-1.535716140558435,1819580.77999948,2315840.447689601,1.28494298677239,2.00628645583298,13.3042010233022,19.4277055425025,72.84834857096889,54.8461,8.21154931981895,84.92,-.02,30.8389218172601,-.2466890147884926,-107448.4773892494,2017q3,11.671391,.26911637,.23433974,-.056851473,-.10701891,1.58,.2,11.671391,-.011654854,.58479106,.030321836,-.2169285,14.414117,-.033869743,14.655283,-.016514778,.76420891,-.0074176216,-.13240936,.012788488,.55761468,.80271,-.051705495,4.4417095,-.00023555756,.23802976,-.46126136,32560.832,0,0
Q4 2017,20.3966974990304,18.3466006859991,19.41476655905561,6.513520740569095,80.11,34.6,121248.785,1.82451746031746,-1.112926281396776,5.9537242,-.4305335716931609,17.6211146292967,-.7783869581395653,37.17564029944429,.0830167376961555,1861587.65872511,2350890.809453733,1.72351457335718,1.95034483313016,12.8638995416976,21.6088034804504,73.3965061389776,57.46596,8.628514799138818,84.65000000000001,-.33,34.5841119141961,-1.520521968353605,-131441.344709832,2017q4,11.7056,.95643115,.96148401,-.16561349,-.10465009,-2.3499999,3.8,11.7056,.015686989,.60131556,.016524494,.1438888,14.43694,.022823334,14.670305,.020106316,.43857157,-.055941623,-.44030148,2.181098,.54815757,2.0612099,.24639371,4.4385252,-.0031843185,3.7451901,-1.2738329,-23992.867,0,0
Q1 2018,20.4179643542009,18.3938705909921,21.01697350154968,6.540837281693354,80.63,31.9,124723.618,1.9542,2.872916879664666,6.0957571,1.619754606478452,7.35637242132765,8.919477687121535,17.79642603369604,.130577141631889,1850193.92926317,2299005.256244868,.177221662681349,2.17582056584211,13.9877411023629,20.6029269375655,73.63097505037631,57.52368,8.800025329920306,84.16,-.58,31.9105303461928,.8610374986721014,-118928.5554636495,2018q1,11.733855,.021266855,.047269907,1.6022069,.02731654,.51999998,-2.7,11.733855,-.0059528351,.66998088,.068665326,.14203291,14.430801,-.0061388016,14.647987,-.037340164,-1.5462929,.22547573,1.1238415,-1.0058765,.23446891,-2.56214,-.24545495,4.4327197,-.0058054924,-2.6735816,2.3815594,12512.789,1,-.0059528351
Q2 2018,20.8925550343246,18.8786922745169,20.44909967672304,6.578435626392162,78.12,33.1,128277.599,2.41453333333333,2.326293235384136,5.9869978,1.990136858467295,12.9243164236569,5.632414205799363,33.51677335652472,.3931554285993712,1899819.8764377,2345814.8151295,.414741916144423,2.13864936611233,13.7946909829124,21.0568337767175,74.3545234544346,59.50198,8.927640686814014,83.59999999999999,-.66,33.1025669203396,1.379312455233106,-116700.4339815729,2018q2,11.761952,.47459069,.48482168,-.56787384,.037598345,-2.51,1.2,11.761952,-.00015830994,.88150603,.21152514,-.1087593,14.45727,.026468277,14.668143,.042473793,.23752025,-.0371712,-.19305012,.45390683,.72354841,1.92058,-.043895174,4.4260435,-.0066761971,1.1920366,.51827496,2228.1216,1,-.00015830994
Q3 2018,20.0609121003601,18.0694588245701,19.19511917828761,6.693585061221357,78.06999999999999,33.5,132059.654,2.6192,2.097401268671995,5.9931485,2.677337101447065,1.16788070646463,-3.784493739017281,20.78849478702782,-.1632895024746688,1902030.75857383,2375033.03603092,.7491929365962779,2.14111025668081,13.9029816889161,21.329833189673,74.931160667835,58.08654,9.092316650097871,82.31,-1.55,33.5046533900134,1.083782170064462,-105755.0084510467,2018q3,11.791009,-.83164293,-.80923343,-1.2539805,.11514944,-.050000001,.40000001,11.791009,.00095939636,.96286893,.081362903,.0061507002,14.458433,.0011634827,14.680522,-.0077772141,.33445102,.0024608907,.10829071,.27299941,.57663721,-3.3937399,.037060607,4.4104924,-.01555109,.40208647,-.29553029,10945.426,1,.00095939636
Q4 2018,20.2911668117437,18.4905134697096,18.13183540936665,6.820922446163767,77.39,35.5,140276.139,2.81599551414769,1.910170366546216,6.042056,4.694106485964198,-8.840377620974337,-2.160249214329824,2.499394934930721,1.791879132150285,1862208.96532701,2398146.505898611,1.06756348918846,2.10492143262782,13.7647923571326,22.344193285197,75.6511840670853,58.80512,9.705998469626028,80.44,-2.27,35.4913712279556,-.4942947197783765,-134039.4612881232,2018q4,11.851368,.23025471,.42105463,-1.0632838,.12733738,-.68000001,2,11.851368,.031302452,1.0353159,.072446942,.0489075,14.437274,-.021159172,14.690207,-.0026941299,.31837055,-.036188822,-.13818933,1.0143601,.72002339,2.1340201,.44900584,4.3875117,-.02298069,1.9867178,-1.5780768,-28284.453,1,.031302452
Q1 2019,20.182206575696,18.6194615641446,21.29810535187918,6.58546907600775,79.69,39.5,150893.473,2.93428291062802,-3.210097396143907,5.7236721,1.864250650968629,-7.874988698351492,12.68358560982685,8.463946717715555,-.7641746245331831,1873279.83012745,2397906.96298953,1.46159005224748,2.4023654861121,15.6506251234856,24.4548891208863,75.99616656681,60.83985,10.32947271825973,80.11,-.41,39.458617639048,1.076155832837267,-114867.101116378,2019q1,11.92433,-.10896023,.12894809,3.16627,-.23545337,2.3,4,11.92433,.012602806,1.0764631,.041147232,-.3183839,14.443201,.0059270859,14.690106,-.0097846985,.39402658,.29744405,1.8858328,2.1106958,.3449825,1.31615,.0097924294,4.3834009,-.0041108131,3.9672463,1.5704505,19172.359,1,.012602806
Q2 2019,19.6931259851526,18.3819432772972,21.18742609023491,6.444408143499439,78,41.6,162496.087,2.82156680735931,-2.592481802771973,5.6182097,1.334904477904232,8.947277290252442,.0263055250673494,4.725395977932023,2.978568240432878,1926438.40035471,2469614.27386435,.871413841989252,2.13112214449362,12.1786679077473,25.4005746241015,76.6083048789007,62.69611,11.00098287057872,80.43000000000001,.4,41.6455475650305,1.115822157974011,-131459.873661072,2019q2,11.998409,-.48908058,-.23751828,-.11067926,-.14106093,-1.6900001,2.0999999,11.998409,.0011177063,1.0372924,-.039170742,-.1054624,14.471184,.027982712,14.719572,.029565811,-.59017622,-.27124333,-3.4719572,.94568551,.61213833,-.17847,.048035905,4.3873873,.0039863586,2.1869299,.039666325,-16592.773,1,.0011177063
Q3 2019,19.3895730523329,18.0815954468992,20.30496610658016,6.534163224737707,79.14,39.6,176682.15,2.51383753364389,-1.412967231185502,5.5307016,.0102579657497586,-10.42832145264391,-8.27499274521184,3.828687177129364,.6613071884766129,1877204.637324431,2506350.71772519,1.48322029390353,2.18204759003057,12.5069429775807,24.2503544429919,76.6548831729929,64.03889000000001,11.78653713091466,80.09,-.42,39.5640043341731,1.483404405154842,-122144.149984294,2019q3,12.082108,-.30355293,-.30034783,-.88246,.089755081,1.14,-2,12.082108,.0096187592,.92181051,-.11548185,-.087508097,14.445294,-.025889397,14.734339,-.014698982,.61180645,.050925445,.32827508,-1.1502202,.046578296,-.51348001,.11404411,4.3831511,-.0042362213,-2.0815432,.36758226,9315.7236,1,.0096187592
Q4 2019,19.2865925552707,18.0091024701853,19.09687402226129,6.690030901183341,77.11,41.3,198099.618,2.25769299275362,-.182370820668698,5.6730416,.1718034089745117,1.023982355996345,3.676208884099363,-16.08821373079368,4.583594939539097,1873410.555756048,2631128.38743068,1.62461354053268,2.11533358912082,12.0883168027962,25.4498944811833,77.6932006227733,66.61677999999999,12.8093886249761,80.83,.92,41.304558728151,3.168897463876008,-135588.6727236772,2019q4,12.196526,-.10298049,-.072492979,-1.2080921,.15586768,-2.03,1.7,12.196526,.030719757,.81434351,-.107467,.14234,14.443271,-.0020236969,14.782924,.033818245,.14139324,-.066714004,-.41862619,1.19954,1.0383174,1.23511,.23729724,4.3923483,.0091972351,1.7405545,1.6854931,-13444.522,1,.030719757
Q1 2020,18.5914211366222,17.0476227203105,20.49438850468306,7.089179573074994,80.01000000000001,40,225090.862,1.88620660493827,1.478591231132564,5.6694592,-1.352414463985639,-19.56432421171639,-22.45593457325642,3.956887438525536,1.978178348790578,1775159.66969342,2724133.91538189,1.55562986568261,2.07192494197996,11.7456777876764,24.3779077437975,76.7851946684716,68.36024,13.78323754922441,81.06999999999999,.29,39.976566893148,5.596953062092891,-113540.9714357757,2020q1,12.32426,-.69517142,-.96147972,1.3975145,.39914867,2.9000001,-1.3,12.32426,.013316154,.63456774,-.17977577,-.0035824,14.3894,-.053870201,14.817661,-.013847351,-.068983674,-.043408647,-.34263903,-1.0719868,-.90800595,-.83442998,-.049002569,4.3953128,.0029644966,-1.3279918,2.4280555,22047.701,1,.013316154
Q2 2020,19.0663022873297,17.7393888273405,20.59242653840012,7.184690317871087,75.40000000000001,41.5,250287.497,1.12792538461538,.5220595762104763,8.979812900000001,-7.434238998604783,-41.18518002835659,11.04844474163573,-17.3489086620489,2.373659243980214,1679057.31185332,2831917.571750714,2.7562733870723,1.15364563897112,6.63840180376243,25.2015973123989,77.5003467943973,69.54446,14.96998507712249,80.98,-.11,41.4780388243393,2.379066321367973,-123778.3461085591,2020q2,12.430366,.47488114,.69176608,.098038033,.095510744,-4.6100001,1.5,12.430366,-.02162838,.12038,-.51418775,3.3103538,14.333743,-.055657387,14.856464,.0040655136,1.2006435,-.91827929,-5.107276,.82368958,.71515214,-.55923998,.2128986,4.3942022,-.0011105537,1.5014719,-3.2178867,-10237.375,1,-.02162838
Q3 2020,19.6116641241969,18.0985182173461,19.98475129505066,7.136040638013452,75.12,41.7,279231.132,.916,5.743037202683476,8.503383100000001,-4.766799662646335,45.67434400115757,14.88062856359762,7.088847670610243,.7564517747013326,1678502.61885982,2879696.517509239,2.52001809479091,1.41853774103459,8.459288722059689,25.1703757129083,76.6594706910623,71.20615000000001,16.19865569977183,80.54000000000001,-.54,41.6732782047459,3.101996353072844,-99892.04694464372,2020q3,12.539795,.54536182,.3591294,-.60767525,-.04864968,-.28,.2,12.539795,.003323555,-.087738916,-.20811892,-.47642979,14.333413,-.00032997131,14.873196,-.022071838,-.23625529,.2648921,1.820887,-.0312216,-.8408761,.47747001,.041923095,4.3887539,-.0054483414,.19523938,.72293001,23886.299,1,.003323555
Q4 2020,20.3385021163627,18.7272345898783,19.40823202250892,7.166017187597297,75,43.8,315198.729,.839034731182796,5.328867235079171,7.4487864,-3.883486597278946,3.032435069756234,4.704738356540727,13.54582965692634,4.248355063720652,1701208.92183824,2979625.254301186,2.52598374723691,1.46596857922992,8.61755868714987,26.7502460273194,76.536933164196,73.57387,17.88422417843766,80.59999999999999,.08,43.7801555620133,2.24203621890442,-115282.5960596355,2020q4,12.660958,.72683799,.62871635,-.57651925,.02997655,-.12,2.0999999,12.660958,.011734009,-.17550318,-.087764263,-1.0545967,14.346849,.013436317,14.907308,.017380714,.0059656524,.047430839,.15826997,1.5798703,-.12253752,.70603001,.45689785,4.3894987,.00074481964,2.1068773,-.85996014,-15390.549,1,.011734009
Q1 2021,20.2374670534799,18.4989286172687,20.68152760215116,7.195072684632954,77.56999999999999,42,358006.559,.8072237633763441,4.947890316705461,6.4648599,-2.09695603966766,38.29898661704419,14.02020592598216,-6.178552378120861,.4849819426226958,1683549.18544043,3035138.554510946,2.49115793837324,1.72857350852457,9.73887153061928,25.6528378101517,73.1861955983056,75.44602,19.12868924490352,81.31999999999999,.89,41.9796947206931,6.191906769870448,-123385.2903874723,2021q1,12.788306,-.10103507,-.22830597,1.2732955,.029055497,2.5699999,-1.8,12.788306,.0061845779,-.21415438,-.038651198,-.98392648,14.336414,-.010435104,14.925768,-.015651703,-.034825809,.26260492,1.1213129,-1.0974082,-3.3507376,-.49557,-.4411034,4.3983922,.0088934898,-1.8004608,3.9498706,-8102.6943,1,.0061845779
Q2 2021,19.8162705689538,18.0689744396254,19.61331912546515,7.357796546475806,77.84999999999999,40.4,384668.341,.793675605734767,6.160896130346227,6.5710168,3.509227939400077,12.52211487224142,10.86343918238322,3.922181420423465,.7515184759468525,1679941.484480824,3114193.582953779,2.57743460660355,1.75002593086867,10.6761776162345,24.5380882844858,75.8678829028083,76.51510999999999,19.89016376874502,81.29000000000001,-.03,40.433788355891,3.333779428523864,-113683.2360765047,2021q2,12.860137,-.42119649,-.42995417,-1.0682085,.16272387,.28,-1.6,12.860137,-.055517197,-.23108046,-.01692608,.1061569,14.33427,-.0021448135,14.951481,.0072526932,.086276665,.021452423,.93730611,-1.1147496,2.6816874,-.80306,-.48299053,4.3980231,-.00036907196,-1.5459063,-2.8581274,9702.0547,1,-.055517197
Q3 2021,19.9887068199438,18.3369205859581,19.18427182055464,7.244427117866593,79.52,39.6,412601.935,.7962299032258064,.6344323752763614,6.5890829,7.234610599392582,6.816502163911475,4.657711338610637,-7.664670658682637,.1700747366153905,1745593.52359651,3151241.789573094,2.70448322211433,1.85201483048901,10.9391144084688,23.9805889442294,76.3593618093356,77.34598,20.77855226569371,80.93000000000001,-.45,39.6096596285286,2.675751417269989,-117179.752250567,2021q3,12.930239,.17243625,.26794615,-.42904732,-.11336943,1.67,-.80000001,12.930239,-.0017290115,-.22786731,.0032131523,.018066101,14.372605,.0383358,14.963307,-.013886452,.12704861,.1019889,.2629368,-.55749935,.49147892,-.23822001,.12691398,4.3935847,-.0044384003,-.82412875,-.65802801,-3496.5161,1,-.0017290115
Q4 2021,19.9043091796363,18.2107792451645,19.93508198665253,6.924054990769591,79.5,41.3,445754.207,.8428365591397849,1.243133853714951,6.8563397,8.653833879874924,8.353460911211673,-1.861990855758999,-3.633117161386168,3.478659337145061,1707638.81828756,3277846.06201688,2.51191046314357,1.84077890422957,10.8206531325083,24.6531460582761,76.7938525539648,78.35974999999999,21.91423516409022,81.3,.46,41.2770918054345,2.436128811696903,-132466.0906008345,2021q4,13.007523,-.084397644,-.12614134,.75081015,-.32037213,-.02,1.7,13.007523,.0071821213,-.17098223,.056885079,.2672568,14.350622,-.021983147,15.002697,.027563095,-.19257276,-.011235926,-.11846127,.67255712,.43449074,.1829,.2472944,4.3981462,.0045614243,1.6674322,-.23962261,-15286.338,1,.0071821213
Q1 2022,20.0133935233859,18.3660380862732,21.6159444319977,6.955058927227995,81.05,39.6,476162.419,1.364613437019967,2.043964519861174,6.0093592,10.09963246772215,27.91154441533696,16.03205542422204,3.893795753195795,1.396955945223354,1692599.432384345,3370359.47959682,2.52496143507692,2.09775157284202,12.1040320779048,23.7011697818234,74.0638463560562,78.63779,22.31213468657946,81.66,.45,39.6452933186439,4.91675749939875,-104276.840460545,2022q1,13.073514,.10908435,.15525883,1.6808624,.031003937,1.55,-1.7,13.073514,-.011292458,.31087118,.48185343,-.84698051,14.341776,-.008846283,15.03053,-.011556625,.013050972,.25697267,1.283379,-.9519763,-2.7300062,-.73572999,-.73778337,4.402564,.0044178963,-1.6317985,2.4806287,28189.25,1,-.011292458
Q2 2022,19.3945704012527,17.7838081832424,20.07258071405015,7.335090119657296,79.73999999999999,42.1,503224.534,2.71460604659498,2.311750599520379,5.8098893,11.20117923907966,12.04443413600891,-11.97175029028906,15.72457947364465,2.484455274315138,1750107.194124767,3529096.00755865,2.70019276596573,2.07671417006664,12.109534452378,24.5463237934683,75.99661298024751,78.84224,22.80923199667568,81.88,.27,42.1128133931106,3.38014831297142,-147568.1587679934,2022q2,13.128792,-.61882311,-.58222991,-1.5433637,.3800312,-1.3099999,2.5,13.128792,-.010713577,.99864686,.68777567,-.19946989,14.375188,.03341198,15.076552,.01818943,.17523134,-.021037403,.0055023744,.84515399,1.9327667,-.073590003,.09919779,4.4052548,.0026907921,2.46752,-1.5366092,-43291.316,1,-.010713577
Q3 2022,19.3651897907844,17.7572858772811,19.25163396512229,7.312512438041696,81.89,40.1766883403594,529568.098,3.140852573444443,3.066195434138885,5.7746448,8.648343855157179,-11.83122786919655,-1.023409194454694,21.55878612741184,-.0254008617278458,1756247.024468531,3565148.9635194,2.74283258105153,2.11746970618965,12.4629462436161,23.0325550873076,76.6767980473675,79.91243999999999,23.38622475642274,82.13,.31,40.1766883403594,2.638560294972692,-119601.7384353629,2022q3,13.179817,-.02938061,-.026522307,-.82094675,-.022577683,2.1500001,-1.9233117,13.179817,-.0042524338,1.1444943,.14584744,-.035244498,14.37869,.0035018921,15.086717,-.035858154,.042639814,.040755536,.35341179,-1.5137687,.68018508,.86575001,.079895452,4.4083033,.00304842,-1.936125,-.741588,27966.42,1,-.0042524338
Q4 2022,19.935244689654,18.3505777369073,19.06973661418272,7.141910541635534,81.54793723887003,39.6574365111974,549779.821,5.2815795125448,3.30287454787741,4.8,5.269500034089873,-12.19168400578977,-8.126558483234147,7.810253384838406,2.007586030035526,1724439.984089393,3620949.22773907,2.72353280839215,2.11946380706591,12.4703708311876,22.7998445280218,77.86310654622351,79.92928000000001,24.01225001295916,82.62,.59,39.6574365111974,1.110031007749335,-154745.8004305686,2022q4,13.217273,.57005489,.59329188,-.18189736,-.17060189,-.34206277,-.51925182,13.217273,-.013569832,1.6642252,.51973093,-.97464478,14.360413,-.018277168,15.102247,.0053663254,-.019299773,.0019941009,.0074245874,-.23271056,1.1863085,-1.05336,.049032498,4.4142518,.0059485435,-.51925182,-1.5285293,-35144.063,1,-.013569832
Q1 2023,19.984689770291,18.4278054835146,20.64943112016597,7.278877428029479,80.65553524517291,40.5242710536415,566904.066,5.494883632872507,2.739984882842017,5.1,3.802197260961648,-8.083480305702551,1.065423735930682,28.75138666264165,3.549905223803563,1645045.726914434,3746893.37011611,2.5705481334964,2.20608010543249,12.9129588789576,23.4203810562756,77.7969121571484,80.30331703751938,24.07637169011362,82.51000000000001,-.13,40.5242710536415,2.840124455462667,-150598.8854727453,2023q1,13.247946,.049445082,.077227749,1.5796945,.13696688,-.89240199,.86683452,13.247946,-.0067825317,1.7038174,.039592147,.30000001,14.313279,-.047133446,15.136437,.018659592,-.15298468,.0866163,.44258806,.62053651,-.066194393,.35719705,-.5619036,4.4129195,-.001332283,.86683452,1.7300935,4146.915,1,-.0067825317
Q2 2023,20.0750246799277,18.5279787894129,19.83175439198711,7.335097986466534,78.73923366359263,39.6778964982989,582345.746,5.830097591397849,2.737671104444028,4.9,1.18543548643089,-3.657032992860421,8.204643959924818,9.448536200069757,2.517536521117165,1662018.392169968,3828505.077997881,2.37706680190979,2.18310293529025,12.7458846515325,22.6265653828168,78.11582197454629,79.63387937881745,24.09404369523368,82.52,.01,39.6778964982989,2.648517427153441,-143002.8286495489,2023q2,13.274819,.090334907,.10017331,-.81767672,.056220558,-1.9163016,-.84637457,13.274819,-.0037994385,1.7630337,.05921638,-.2,14.323544,.010264397,15.157985,-.01264286,-.19348133,-.02297717,-.16707423,-.79381567,.31890982,-1.0434747,-.046449672,4.4130406,.00012111664,-.84637457,-.19160703,7596.0566,1,-.0037994385
Q3 2023,19.5069218689691,16.0284943275322,18.73436806986928,7.528136522866673,79.71352527707248,38.6257851082839,591700.3810000001,6.088936187582091,1.686746987951793,5.1,-4.434086474950092,10.97096313391486,-3.517066964075344,2.28863571592417,1.39805439406453,1648083.57889876,3901383.458616848,2.19080680848168,2.18713266322268,12.9327972106217,21.6279706205798,78.3579887694425,79.1887261953817,23.89940426344236,82.69,.21,38.6257851082839,2.433865008449887,-177922.8427418665,2023q3,13.290755,-.56810284,-2.4994845,-1.0973864,.19303854,.97429162,-1.0521114,13.290755,-.010937691,1.8064734,.043439627,.2,14.315124,-.0084199905,15.176842,-.0026903152,-.18626,.004029728,.18691257,-.99859476,.2421668,.22428447,-.21231143,4.4150987,.0020580292,-1.0521114,-.21465242,-34920.016,1,-.010937691
